,0,1,2
Adarb2,-0.017884908,0.012410945,-8.8459965e-05
Sst,-0.011594243,0.012966655,0.00082939625
Vip,-0.019373914,0.015497689,-0.00018782186
Npy,-0.009411417,0.011734433,-0.009519647
Synpr,-0.022195997,0.01809993,-0.003971662
Reln,-0.006400197,0.011692829,-0.005414738
Nxph1,-0.01136729,0.013343788,0.0008414221
Sorcs3,-0.039796554,0.019846143,0.009526607
Kirrel3,-0.012839523,0.0113183735,-0.009688051
Calb1,-0.013546755,0.012121427,-0.0023932038
Sox6,-0.009695184,0.010122949,-0.005772552
Pde1a,-0.0063064303,0.0108280955,-0.0051706685
C1qb,-0.012653631,0.011284889,-0.0079801455
Kit,-0.023667287,0.014726356,0.0017679462
Grin3a,-0.005028013,0.011617064,-0.00012301111
Shisa9,-0.012165803,0.010639088,-0.0036969373
Egfem1,-0.0064972257,0.011937277,-0.0012820909
Zmat4,-0.008186279,0.010253365,-0.0043402934
Fxyd6,-0.026422516,0.016056329,0.004426569
Trhde,-0.014316621,0.013944319,-9.809617e-05
Mobp,-0.004004037,0.0095182285,-0.012876576
Ptprt,-0.01072776,0.011583523,-0.0046127196
Mgat4c,-0.009031621,0.012205582,-0.005825037
Crhbp,-0.008650354,0.0120263435,-0.005419374
Hs6st3,-0.0033859836,0.010870464,-0.0038464302
Unc5d,-0.0048087146,0.010391874,-0.0068135564
Fam19a2,-0.011819279,0.013669829,-0.0005823452
Ctss,-0.024164742,0.013707025,-0.0125669325
Cdh9,-0.012835342,0.015979253,0.0037849525
Zfp804b,-0.016215008,0.013719948,0.0005546022
Sparc,-0.015658755,0.010744485,-0.0076229433
Adcy2,-0.00570114,0.010154865,-0.0059402743
Sgcz,-0.0054368074,0.009942703,-0.008609199
Cacna2d3,-0.008680099,0.012346404,-0.0031483723
Csf1r,-0.0105127655,0.010553132,-0.0065994845
C1qc,-0.0330666,0.017376173,-0.0061636665
Kcnip4,-0.013303031,0.013009534,0.0038107876
Cdh12,-0.009177182,0.011300354,-0.0044099987
Sorcs1,-0.021033887,0.016356345,0.0010570688
Thsd7a,-0.014438058,0.0133463135,-0.010093631
Grm1,-0.012401104,0.013403496,-0.00056072726
Sox5,-0.07661313,0.029365538,0.023652116
Kctd8,-0.02121005,0.022074489,0.025971996
Brinp3,-0.031870313,0.019953793,0.0064066476
Rbp4,-0.017100526,0.025217295,0.020211525
Ptprm,-0.021420708,0.0149270035,-0.0038447506
Cpne7,-0.04819783,0.02333149,0.02268611
Rgs6,-0.044378445,0.02536089,0.013827308
Col19a1,-0.04713153,0.019752545,0.014815662
Dscam,-0.047190085,0.023366688,-0.009500625
1700019L22Rik,-0.037038315,0.020154957,-0.008353419
Cntnap4,-0.02674376,0.019344034,0.015195362
Crh,-0.046299957,0.022717686,-0.00061536685
Fam135b,-0.03571054,0.014550171,-0.0020375
Ncam2,-0.08814303,0.030744134,0.02631192
Nfib,-0.07437516,0.03225477,0.04085359
Lingo2,-0.03702626,0.018914439,0.0067653963
Caln1,-0.07520379,0.023988802,0.0035768845
Dcc,-0.028591549,0.014479595,0.0013300614
Fstl4,-0.07916543,0.029746583,0.03273146
Gm20754,-0.018972881,0.019892214,0.018967705
Tyrobp,-0.044531733,0.018133678,-0.018926624
Man1a,-0.039991334,0.02143095,0.004743376
Sepp1,-0.0387747,0.022137411,0.008046863
Il1rap,-0.043480873,0.020690236,0.0139191225
Kcnq5,-0.03215141,0.013838741,0.0007089632
Pcdh11x,-0.019112717,0.016705688,0.0025773533
Gm31445,-0.024633601,0.013448242,0.0014236409
Stxbp6,-0.03563394,0.015912721,-0.0053303274
Nell1,-0.021107407,0.023585252,-0.004012681
Tac2,-0.06721834,0.024804369,0.021620339
Cck,-0.040679973,0.014759663,-0.0070957425
Nkain3,-0.036314264,0.019073704,-0.0041097645
Igf1,-0.037206784,0.017735684,-0.0056198933
Cdh13,-0.022975452,0.013002085,-0.0046756202
Cntn5,-0.04771824,0.016419286,-0.01681739
Gm34196,-0.03512444,0.016008036,-0.0038320816
Slit2,-0.032275464,0.027924543,0.027799534
Olfm3,-0.024241814,0.015407073,-0.0013058002
Slc44a5,-0.072473645,0.027836518,0.014792256
Galnt18,-0.027215756,0.014072724,0.0031101594
Serpine2,-0.0167169,0.0124823805,-0.012508274
Kcnt2,-0.033758424,0.0262968,0.005827856
Cnr1,-0.04128664,0.029879455,0.038162254
C1qa,-0.0837825,0.036894813,-0.013858271
Tox,-0.020259077,0.02040453,0.008591905
Iqgap2,-0.018043177,0.020006275,0.008054163
Vwc2,-0.0795973,0.030640949,0.026621044
Penk,-0.027787244,0.015632557,-0.005984222
Ndn,-0.02025647,0.02088197,0.011793269
Cdh7,-0.011629668,0.011104616,-0.0038071715
Ano4,-0.040182076,0.018187169,0.0041900612
Col25a1,-0.021421216,0.021540333,0.007389534
Ano3,-0.033391435,0.023782006,-0.00041472257
Cdh8,-0.021384683,0.019075453,0.011030696
Erbb4,-0.026413871,0.015058948,0.0069594826
Gpc6,-0.06092198,0.02249654,0.020183846
St6galnac5,-0.013937542,0.018209817,0.017135395
Xist,-0.056214564,0.023797635,0.0148375435
Arpp21,-0.050742164,0.020522222,0.0069138403
Zfp804a,-0.0656494,0.023843184,0.019737214
Luzp2,-0.015073635,0.015211404,0.0114834905
Sema6d,-0.02717542,0.014011218,-0.0055244355
Galnt14,-0.03944521,0.021980109,-0.00420351
Cacna2d1,-0.22253162,0.07187386,0.04733909
Laptm5,-0.11774953,0.036349356,-0.014489188
Sdk1,-0.03557739,0.022760443,0.014372226
Pde4b,-0.03432846,0.028159788,0.011299439
Cdh4,-0.02520507,0.018744107,-0.010433439
Alk,-0.025846789,0.029333277,0.016109273
Eya4,-0.012304281,0.019775072,-0.0060397596
Npas3,-0.05995832,0.028287208,0.010647044
Cntnap5c,-0.05276856,0.023301765,0.018609665
Fcrls,-0.021921003,0.013208733,-0.004646127
Gabrg3,-0.06507906,0.025918052,0.026932722
Inpp4b,-0.026046352,0.02705446,0.014918993
P2ry12,-0.04020013,0.01875323,0.00044219807
Id2,-0.07357888,0.027027732,0.012423967
Ptprz1,0.0023005852,0.03093366,0.013166481
Alcam,-0.026683873,0.017378014,0.009990405
Tmeff2,-0.029332355,0.015388842,-0.0003750701
Trf,-0.05131125,0.020948539,-0.008427435
Mbp,-0.030671073,0.01702377,-0.003534542
Cxcl14,-0.056922562,0.024766734,0.013543588
Rgs4,-0.017332908,0.015429126,0.0015187775
Sema5a,-0.03165021,0.014236212,-0.006740708
Ralyl,-0.020624558,0.019686699,-0.0014883061
Satb1,-0.03155597,0.027191475,0.009853538
Npas1,-0.021658322,0.020842904,-0.0036746531
Ctsz,-0.069186755,0.024294864,0.0015612242
Clstn2,-0.014661383,0.0140320575,-0.024494372
Tmem44,0.0054410566,0.06317302,0.08543276
Tox3,-0.0319739,0.024050815,-0.00219894
Necab1,-0.042431634,0.0228378,0.011698875
Igsf11,-0.0015731783,0.0635129,0.06855973
Cntnap3,-0.011256765,0.028636595,0.027429754
Chsy3,-0.07015278,0.024800602,0.029183827
Neto2,-0.04032597,0.028781224,0.016232615
Grm8,0.012184889,0.044144448,0.06430431
Slc4a4,0.010501933,0.019736677,-0.012832201
Kcnmb2,-0.07102142,0.026949067,0.021445433
Tmem108,-0.022969507,0.024247508,0.011914326
Lrp1b,-0.05375948,0.032208227,0.036245134
Eif2s3y,-0.021823136,0.026772339,0.013538786
Cacna1e,-0.021174503,0.013890937,-0.0035364027
Lypd6,-0.033515733,0.016938888,0.0120071
Tmem132d,-0.028357435,0.013604481,-0.013195375
Gabrd,-0.015434443,0.020910671,-0.007217021
Cntn4,-0.1182177,0.040922794,0.041320242
Ntrk3,-0.03975046,0.023051284,0.000962382
Sgcd,-0.012017089,0.011262551,-0.0015341013
Prkcg,-0.03671861,0.06291744,0.080360696
Rgs10,-0.045041665,0.015604371,-0.0027526207
Spon1,-0.007251666,0.025859674,0.03393419
Fam107a,-0.04891422,0.022261098,-0.0342585
Unc5c,-0.03191338,0.01712721,0.0097990045
Selplg,-0.028358918,0.022689747,-0.033559155
Ndst3,-0.0259816,0.017865418,-0.028399311
Trpc4,-0.014101325,0.016261363,-0.01033278
Crtac1,-0.051308684,0.025932875,0.01786491
Pcdh15,-0.03408091,0.023605729,0.016197942
Acsbg1,-0.022353875,0.028105741,-0.008491077
Lhfpl3,-0.042993862,0.016535325,-0.035071947
Unc13c,-0.029108785,0.023702065,0.0036561838
Ccl4,-0.025407337,0.013694487,-0.0141665805
Gm28175,-0.017259575,0.024260547,0.0017796484
Fcer1g,-0.08635354,0.032442797,-0.01120027
Filip1,-0.01649974,0.0299173,0.03195017
Grik1,-0.021033054,0.018142227,0.010606239
Gabra1,-0.037908163,0.019635366,0.00400283
Tmcc3,-0.054903846,0.023637,-0.022214886
Fgf13,-0.02499106,0.017890725,0.0022572374
Elmo1,0.0016463723,0.033585913,0.023643266
Gstm1,-0.009918698,0.021292796,-0.012275255
Grm7,-0.072365046,0.027469685,0.01049523
Sema3c,-0.018659536,0.0230208,0.0011264965
Sema3e,0.009463295,0.041799594,0.037390918
9630002D21Rik,-0.061420195,0.040138092,0.05600104
Tenm3,-0.021309618,0.02022434,0.0065155537
Mkx,-0.052646082,0.045684338,0.049839806
Samd5,-0.02471683,0.05348822,0.023722082
Egfr,-0.068659626,0.029095419,0.0056327716
1700086L19Rik,-0.017260445,0.017675264,-0.0009247074
Trpc6,-0.031551056,0.018319419,0.012854612
Aif1,-0.06347928,0.028034037,-0.025908293
Sez6,-0.23659016,0.0875713,0.09667188
Sytl5,0.0056333262,0.051284287,0.0732603
Pcdh8,-0.015523805,0.01879066,-0.0026409868
Adra1a,-0.0031773823,0.026338592,-0.0012690492
Pcp4,-0.028676104,0.013809542,-0.010630764
Tnr,-0.026389003,0.02108449,0.012347841
Frmd4b,-0.029258857,0.018979084,-0.020995386
Thsd7b,-0.019826682,0.015540959,-0.0018974714
Cntnap5a,-0.038669787,0.023477562,-0.0051723793
Kcnb2,0.006058566,0.039790295,0.05649063
Zcchc12,-0.008812199,0.012519751,-0.018165583
Trps1,-0.009872738,0.017158113,0.0035020127
Kcnc2,-0.026046984,0.013542976,-0.018490443
Plekhb1,4.2679407e-05,0.023107162,-0.0134352455
Tmem132c,-0.0009746789,0.024821455,0.010437702
Mmd2,-0.007885077,0.020773506,-0.009298153
Rapgef5,-0.016568003,0.020252129,-0.00029765323
Lypd6b,-0.0040047555,0.025012594,0.0014247004
Sema3a,-0.020433338,0.02988577,0.005090606
Stxbp2,-0.016853314,0.018183244,-0.00077469327
Cemip,-0.007374666,0.033465207,-0.023478815
Cort,-0.02173034,0.018865993,0.008093599
Nrg1,-0.021435408,0.014206216,-0.016320571
B2m,-0.029631943,0.02180297,-0.0007333549
Chrna7,-0.02515085,0.020382768,0.008727194
Prox1,-0.24383095,0.09406611,0.07730616
Arc,-0.0095460685,0.023149747,-0.0035246292
Pdyn,-0.029325018,0.020456508,0.00933928
Rab3b,-0.028365476,0.02329092,0.0049042027
Ptpre,-0.02211622,0.016289001,-0.0131068425
Grik3,-0.060638826,0.054253094,0.029091258
LOC102638008,-0.052657336,0.021067776,0.0017207954
Gabra4,-0.0064040916,0.014525136,-0.006946231
Adamts17,0.01059149,0.033445586,0.02872348
Cx3cr1,-0.044625882,0.028130867,-0.0643457
Gm34199,-0.0092906635,0.01731498,0.0077628307
Parm1,-0.007758684,0.03263597,0.016753815
Maml3,-0.050113346,0.020069728,0.0034519746
Esrrg,-0.018594213,0.02018022,-0.0018339108
Prkg1,-0.025159055,0.025290487,0.024128148
Grin2a,-0.038168564,0.01698377,-0.004934849
Ptpro,-0.028523523,0.012702781,0.0050374116
Bcan,-0.014868785,0.02167393,0.00939601
Csmd3,-0.063993305,0.030723773,0.009219847
Pcp4l1,-0.011296292,0.015061932,-0.0098577645
Arhgap18,-0.026035333,0.020312302,-0.012769866
Dab1,-0.037823197,0.021207774,0.012077304
Itpr1,-0.022844465,0.024990126,0.004953032
Cdh20,-0.022113435,0.022738064,0.00051970355
Gpr176,-0.015577471,0.024716103,0.0051367935
Lrrtm4,-0.03787332,0.018870682,-0.0018695758
Ranbp6,0.0021476825,0.014940961,-0.023951404
Ust,-0.02729103,0.033453748,0.013546364
Srxn1,-0.0116121145,0.024217319,-0.0021102529
Gm27887,-0.010049774,0.015174588,-0.0288807
Runx1t1,-0.0056218407,0.055716064,0.026053071
Cd164,0.0010633599,0.018382028,-0.018290162
Snca,0.009583322,0.035481535,0.026204076
Slc1a3,0.008104779,0.03666287,0.026479425
Pnoc,0.003230175,0.037930615,0.026780287
Ap1s2,-0.034869038,0.017657207,0.0048784385
Camk1g,0.0012174367,0.017068924,-0.0034547064
Serp1,-0.014917779,0.01645812,-0.005424826
Slc9a9,-0.013238743,0.017692856,-0.0015333773
Mpdz,-0.023799866,0.013965824,-0.0134066045
Gria3,-0.11911828,0.04559297,0.039076563
Zcchc16,-0.031060658,0.017632479,0.003068816
Siglech,-0.0010502064,0.02059604,-0.02119155
Runx2,-0.028486084,0.032378618,0.0010341819
Moxd1,-0.029946452,0.029184444,0.02353602
Lrrc4c,-0.049295142,0.030254904,0.012432418
Rgs11,-0.011621609,0.013824827,0.00047555164
Eps8,-0.026308289,0.014793035,-0.012324508
Pcdh7,-0.008287004,0.022429056,-0.005547342
Sphkap,-0.009842797,0.022669388,-0.002862368
Gabra2,-0.018405754,0.011593005,-0.022939531
Fat3,0.015785363,0.050184194,0.05979219
Plxdc2,-0.010083587,0.017714951,0.0042084856
Car2,-0.019697348,0.01670106,-0.02509146
Calb2,-0.02231834,0.021970507,-0.004232325
Nell2,-0.046330124,0.026569197,0.03237469
Dgkb,-0.048835408,0.028390473,0.007921424
Kcnf1,-0.07168845,0.026337419,0.013610638
Btg2,0.01574551,0.034261607,0.019025322
Atf3,-0.016961323,0.016672932,-0.0006220545
Rgs12,-0.060135,0.042418975,0.0065512625
Sel1l3,0.014872694,0.056286298,0.033139557
St8sia4,-0.022087714,0.016183466,0.0067443172
Mal2,-0.021640653,0.017873736,-0.000109605724
Mpped2,-0.03171847,0.018585602,0.0052749976
Kcnn2,-0.019853378,0.024685653,-0.0065288036
Pdzrn4,-0.05932782,0.026292907,0.017235879
Sgcb,0.045999106,0.044829298,0.025660511
Syndig1,-0.0603588,0.030031748,0.025952214
Pde11a,-0.043170713,0.026094755,-0.009620002
Grn,-0.020993272,0.017505255,-0.033121306
Dusp6,-0.009922352,0.0130001,-0.0020789288
Pcsk1,-0.00057428447,0.020903407,-0.0059693423
Tshz3,-0.019119648,0.08929778,0.051810026
Htra1,-0.016955653,0.01384365,-0.028611584
Ptchd2,-0.10934868,0.04495464,0.017507033
Lgals1,-0.08228213,0.032661315,0.036118038
Tollip,-0.0067998995,0.019122014,-0.012657455
Ephb6,0.00012945857,0.020451117,-0.029302541
Enpp2,-0.011727138,0.024082992,-0.008830088
Rab27b,-0.007191139,0.022423252,-0.00029583272
Ctnnb1,-0.012061578,0.016674565,0.000103085724
Kcnd3,-0.02980444,0.02239654,0.007077806
Kif26b,-0.02044246,0.016432118,-0.038759794
H2-D1,-0.011057994,0.014046399,-0.007358831
Hpca,-0.0120838685,0.013039568,2.7471364e-05
Cntn6,-0.031287014,0.017484488,0.009702081
Plcl1,0.0038169706,0.023178624,-0.013532668
Nek7,-0.02417115,0.029048573,0.0037229173
Efna5,-0.030297223,0.022276564,0.009257153
Flrt2,-0.00816701,0.012634331,-0.020829763
Hunk,-0.024411185,0.02218299,-0.013734809
Gda,-0.015333348,0.018114395,-0.012997378
Prkd1,-0.035071306,0.026872285,-0.009355653
Nap1l2,-0.0058900537,0.018918728,-0.031118674
Brinp2,-0.02246372,0.020075591,-3.534435e-05
Prps1,-0.07212405,0.02560488,0.017169135
Arap2,-0.0148956785,0.012215135,-0.005606868
Slc7a3,-0.038228318,0.02209628,-0.002377896
Glce,-0.007083892,0.014535453,-0.01912124
Lppr1,-0.0068969997,0.013547719,-0.019770086
Trpm3,-0.03561836,0.019555988,0.0013790868
Gng4,-0.0075389673,0.019556494,-0.017913114
Psat1,0.036689885,0.045313355,0.0319671
Slc30a3,-0.048209824,0.0499652,0.04877024
Kcnh7,-0.04386698,0.058090065,0.06397151
Ramp1,-0.018857181,0.012989811,-0.0045102877
Shroom2,-0.019428508,0.017602414,0.00093019655
Dusp14,0.0071462,0.017927535,-0.008257412
Slc35f3,-0.019924961,0.02978743,-0.009653561
Il1rapl2,-0.020938577,0.019561179,0.004768475
Flrt3,-0.0142935505,0.017123753,-0.01266669
Sccpdh,-0.0034331738,0.01350528,-0.02512933
Rgs2,-0.032436863,0.027900735,-0.022397358
Fstl5,-0.006310111,0.02368149,0.0040078023
Dock10,-0.12475806,0.048877995,0.03708572
Ak5,-0.036676135,0.020527985,-0.0010032193
Grik4,-0.032357216,0.021319073,0.00966231
Cpne4,-0.004763081,0.01628062,-0.013309789
Cd200,0.022612797,0.04688539,0.034658756
Sema6a,-0.011470083,0.018931778,-0.01034002
Ddah1,-0.03738752,0.02777908,-0.017406173
Cdh18,-0.018538307,0.01754552,-0.031156156
Mpped1,-0.025805525,0.028652342,-0.0059374627
Eepd1,-0.020901825,0.021065438,-0.0046565845
Abcd2,0.0028084374,0.016518632,-0.02496434
Coro6,0.027795983,0.09603163,-0.01937185
Endod1,-0.018937256,0.015717577,-0.0011941666
Pparg,0.016532063,0.025524773,0.013102203
Calu,0.016592247,0.034341086,0.021002598
Rgs8,-0.04485238,0.033058982,-0.0007539116
Ptgs1,-0.0065540588,0.017659508,-0.020663317
Zfp536,0.0005555009,0.051555578,0.037393358
Cacng3,-0.017898126,0.024558147,-0.00045341442
Shisa6,-0.051480643,0.03417239,0.014922389
Crip2,0.0078092134,0.017686129,-0.017990803
Gm13629,0.013794945,0.053549845,0.0014440694
Tppp,0.0041622315,0.013150634,-0.026433237
Scn3b,-0.009353318,0.029153364,-0.013318763
Bcas1,-0.03383595,0.018097546,-0.028268088
Neto1,-0.008866811,0.062454537,0.054965854
Tram1l1,-0.015650742,0.013675981,-0.022375787
Klhl5,-0.019189192,0.016758393,0.000992905
Sash1,-0.07346737,0.049963493,0.015536409
Nyap2,-0.026076477,0.0181957,-0.060155503
S100a1,-0.0018031823,0.038292054,-0.0009795022
Gm33228,-0.01702125,0.015120407,0.004113884
Kcnab3,-0.014384886,0.01791461,-0.0037349744
Tmed7,0.036994297,0.042403564,0.0326969
Ankrd46,0.028748866,0.039510112,0.034013
Kcns3,0.0026537818,0.02531135,-0.007493351
Lgi2,-0.0075517176,0.02721946,0.0064063887
A830018L16Rik,-0.00812777,0.018779896,-0.018126465
Man1c1,-0.009708565,0.043317467,-0.010897691
Grid2,-0.032022327,0.023314059,-0.018391091
Etv6,-0.014969573,0.021903588,0.0052147857
B3galnt1,-0.027181972,0.017863354,0.0006051818
4-Sep,-0.0014600701,0.018610716,-0.01015691
Nrsn2,-0.048662633,0.024975335,0.0017032085
Poglut1,-0.018343419,0.01414779,-0.0055826786
Ier5,-0.0011610481,0.016837811,-0.039744716
Ildr2,-0.034262415,0.027421907,-0.014895707
Itgb5,-0.018926306,0.018754143,-0.052916843
Asrgl1,-0.0065714773,0.037391406,0.03353567
Mctp1,-0.011999683,0.020665659,-0.006806029
Tprgl,-0.0010343466,0.018654244,-0.005214428
Lin7a,0.018325793,0.019378856,0.0013588407
Dusp1,0.0019440015,0.017930128,-0.0022876165
Tsc22d3,0.00918214,0.017138608,-0.024043107
Slitrk4,0.018625252,0.029005256,0.009869857
Ntsr2,0.009248965,0.028023059,-0.06761545
Hs3st5,-0.029506195,0.019267311,-0.005072932
Nudt19,0.045173585,0.045391995,0.04681688
Rcan1,-0.019915603,0.015444239,-0.0012329827
Snapin,-0.009561081,0.019047378,-0.0051202658
Fbxo18,-0.014973924,0.018122846,0.007168468
Col26a1,-0.0059180683,0.020435512,-0.025389459
Pgap1,-0.000369302,0.014550247,-0.0053231586
Prdx6,-0.0049672504,0.014005681,-0.037317097
Ier2,-0.014188144,0.019769741,-0.024517415
Pdia4,0.0033115745,0.014335163,-0.02745607
Mamld1,-0.016713113,0.016999984,0.002316763
Trem2,-0.037873626,0.030403815,-0.11659078
Foxred1,0.040335786,0.050906442,0.05698765
Sh3bgrl,-0.01637592,0.019119252,0.0008790978
Myo1b,-0.0055028787,0.01422582,-0.00526159
Lhx6,-0.0008611346,0.044610944,0.008717547
Sc5d,0.015210917,0.026414124,-0.025564246
Mafb,0.014554921,0.03207333,-0.003627371
Tiparp,0.01402171,0.023140099,-0.010815439
Kcnip2,0.00064303266,0.018642958,-0.031509038
Cnn3,0.019969132,0.038895655,0.012765844
Wscd1,-0.0021992486,0.0165402,-0.020531794
Car4,-0.04133438,0.024300486,0.008118966
Fmn1,-0.0066484185,0.02037958,-0.002553208
Arhgef6,-0.010930309,0.018613063,-0.0010296992
P3h2,0.018709337,0.033625714,0.023847118
Mcfd2,0.0013506246,0.011059517,-0.04793769
Abcf2,0.016312279,0.022771833,-0.018113691
Rasgrp1,0.019200198,0.047666673,0.060292568
Ptprr,0.026289089,0.034172177,-0.027825976
Lamp5,-0.0073721535,0.014230421,-0.0057654344
M6pr,-0.01305691,0.016861584,-0.008370793
AW209491,-0.0046010925,0.013717409,-0.024209633
Astn2,-0.04347302,0.03410366,-0.016710252
Cd83,-0.009120023,0.016805688,0.0001221931
Ncstn,0.0015622956,0.012542426,-0.029518725
Utp15,0.009008728,0.02587373,-0.009423815
Edil3,-0.051017914,0.034643225,0.021774456
Ccl3,-0.00047975633,0.014221674,-0.0484918
Extl2,0.03419527,0.036967475,0.025097782
Bhlhb9,-0.0010842928,0.014348747,-0.028008787
Epha7,-0.012862488,0.013646799,-0.009635242
Mid1ip1,-0.0019216845,0.020686373,-0.116823465
Msmo1,-0.0034673198,0.014823346,-0.02288641
Cd68,-0.005867161,0.013787623,-0.030499207
Tmem184c,0.04198598,0.0528696,0.041134197
Cd63,-0.020917598,0.021642191,-0.0048906137
Mlip,-0.047737855,0.03063034,0.008129672
Prmt2,-0.007943165,0.013258201,-0.020859351
Dcx,0.0020743008,0.016916413,-0.025392558
Pvalb,0.010148918,0.041229986,-0.007335137
Cryab,-0.031992666,0.01865914,-0.01600616
Chrm3,-0.018421603,0.011953826,-0.017711356
Me3,0.0075918683,0.067245774,0.05653353
Ryr3,-0.08399451,0.032930005,0.01863669
Xylt1,0.040536303,0.053138144,0.06364045
Usp11,0.0017567398,0.020010658,0.0043920637
Lrrtm3,0.009422577,0.02566943,-0.05700332
Spats2l,0.023637736,0.05112532,-0.0012029589
Jun,0.01353773,0.025381528,-0.03209034
Pld5,0.009595354,0.038669348,0.03090579
Mat2b,0.004442073,0.019457407,-0.05937706
Tctn3,0.039074227,0.04723978,0.043342397
Aldh6a1,-0.033513933,0.022118341,0.00055675243
Dynlt3,-0.003997687,0.016038733,-0.008897206
Tpp1,0.023747172,0.034727905,0.010861919
Rbmx,0.03820532,0.045452464,0.06224136
Htatsf1,0.006183312,0.016043862,-0.020422827
Adcy8,0.0018396643,0.019033818,-0.0035552143
Oat,0.035393097,0.040500786,0.028302494
Nsun2,-0.002466442,0.024671745,-0.009680597
Sorcs2,-0.08576235,0.044014778,0.009887481
Syt5,-0.0014561376,0.02352947,-0.02179718
Chmp7,0.012584175,0.014740907,-0.023997419
Epm2aip1,-0.015417563,0.016295537,-0.0008935592
Hs6st2,-0.0143536655,0.012261109,-0.023512408
Rgmb,-0.013050977,0.020970749,-0.047037914
Cers6,-0.046591546,0.10536074,0.06934805
Cdh11,-0.034691595,0.016345544,0.0024953233
Wls,-0.0014030734,0.011458399,-0.01671964
Plk2,-0.0035156342,0.012975009,-0.047287904
Txndc5,0.009348783,0.015607566,-0.020306867
Gm4258,0.015749972,0.06623432,-0.015097656
Mcc,-0.0084658945,0.025703719,-0.022128224
Nfkbia,-0.00090418017,0.021525167,-0.052888945
P4hb,-0.010111902,0.01182486,-0.04632876
Apmap,0.019303055,0.017895445,-0.013857235
Fcgr3,-0.025847694,0.02291383,-0.062503435
Akap13,-0.05370104,0.026560334,0.0030332515
Fgd3,0.005209149,0.017002827,-0.030268366
Mcl1,0.0051948116,0.020938907,-0.0211078
Gpr22,0.0020708193,0.015717968,-0.0022848796
Man2b1,-0.008691653,0.016793063,-0.022804769
Aldoc,-0.042224504,0.016563717,-0.0027053207
Btbd11,-0.019288963,0.02285449,0.013262779
Nrip1,-0.011583488,0.027101165,0.0008308691
Fuca2,0.023606824,0.03598414,0.02172112
Rbm18,0.002230511,0.016395962,-0.030875154
Asic2,-0.0012314969,0.027561307,-0.0037193159
Tusc2,-0.004289431,0.02076071,-0.0044162436
Naa60,0.0038265015,0.01126694,-0.027552355
Acly,-0.010311327,0.012506759,-0.021092212
Gmfb,-0.00033710513,0.010014044,-0.030228183
Htr2a,0.046921212,0.056789953,0.033854764
Elfn1,-0.08612453,0.07344636,-0.020304397
Pip5k1b,-0.041194487,0.022976397,-0.05431125
Rtcb,0.0051462147,0.013374609,-0.035152256
1810026J23Rik,0.026894834,0.027727691,-0.04768512
6330403K07Rik,-0.0067513157,0.029563995,-0.04920986
Lrrc3b,-0.0038105517,0.020086829,0.013897978
Dnajb1,0.0031546121,0.013984334,-0.058669157
Plek,-0.00010371943,0.017180806,-0.04379586
Pla2g7,-0.013553582,0.012971086,-0.007640259
Mmp17,-0.0069674253,0.016148278,-0.016105536
Fam189a1,0.012662916,0.030897297,-0.03709279
Pdp1,0.01028233,0.014794653,-0.015085767
Grm3,0.011990908,0.023991324,0.014217871
Slc35g2,-0.01852868,0.014637615,-0.0045975633
Bcl11a,-0.013965428,0.015952948,0.00020221918
Gadd45g,-0.0106600225,0.012484804,-0.02773576
Gosr2,0.004696884,0.0150430435,-0.022827646
Lrrc59,-0.0003189601,0.0138982395,-0.025199689
Pdha1,2.1740274e-05,0.013770465,-0.046526145
Utrn,-0.0013829309,0.030660564,0.0087107215
Golm1,-0.0106349075,0.014757391,-0.0048689344
Fads1,-0.004107771,0.01070447,-0.019522706
Rxfp1,-0.008852385,0.019698491,-0.05394252
Klf6,0.015373504,0.019383296,-0.056818247
Cntn3,-0.013017405,0.016688125,-0.020273507
Il1a,0.003009563,0.021662673,-0.020060811
Uty,0.0018858202,0.027405849,-0.013150274
Myo6,0.003350278,0.017133262,-0.043228537
Btbd3,0.038390797,0.044399455,0.037646174
Pnpo,0.011126401,0.020069258,-0.024926472
Ptchd4,-0.030917812,0.01714868,-0.012606451
Myo16,-0.01721402,0.014764877,0.0074210074
Pls3,0.012721593,0.03390492,0.010948764
Pex5,0.030870128,0.04520554,0.028352475
Nucb1,0.025610602,0.021663895,-0.022994863
Ucp2,-0.033985645,0.02368025,-0.046738897
S100a16,-0.009868447,0.033353828,-0.073198654
Slc39a6,-0.016089091,0.013623308,-0.031587917
Rps6ka5,0.0012692024,0.01964542,-0.021498708
Hs3st1,0.004534682,0.017945534,-0.035157766
Tmem199,0.0014187058,0.015477518,-0.0135673275
Epb4.1,-0.0077527533,0.019075297,0.0019986378
Copb2,-0.004646698,0.013597488,-0.011800253
Tcp11l2,0.0053415727,0.013868552,-0.019070895
Pdzrn3,0.008097083,0.01794753,-0.01769459
Cdc16,-9.824469e-05,0.012620552,-0.009503155
Gm29907,-0.044118684,0.025167866,-0.021962972
Slc19a2,0.0064073238,0.013398274,-0.031356033
Eif1a,0.0017650205,0.012538677,-0.019438604
Kbtbd2,3.9806215e-05,0.013401023,-0.046067826
Cdh10,-0.023383122,0.019464528,-0.010286461
D15Ertd621e,-0.015051924,0.016929988,-5.3050328e-05
Ache,-0.001901787,0.024846382,-0.06045644
Gba,0.025353232,0.034490637,0.030880924
Cstf2,0.028574968,0.024694534,-0.047196582
Qdpr,-0.007904145,0.020303683,-0.008602451
Trpc5,-0.022015778,0.025889033,-0.019658456
Myadm,0.0016385756,0.0123216,-0.022710945
Ppp1r15a,0.007749843,0.01932417,-0.044113953
Creg1,-0.011054115,0.009507404,-0.046873864
Ubl4,-0.0077544786,0.015510188,0.0013543821
Ric8,-0.012359809,0.013961201,-0.05812059
Phyh,-0.015810123,0.018087411,-0.06365965
Fam81a,-0.015348555,0.020275198,-0.009080235
Pde5a,0.0015101428,0.017042432,-0.0130570335
Rab10os,-0.010866426,0.01598546,0.0013109237
Abhd4,-0.005464413,0.008787038,-0.026333582
Gna13,-0.0049136034,0.016664632,-0.018490307
Sytl2,0.008236592,0.021604177,-0.0017008913
Slc35b4,0.0407794,0.048800293,0.052991323
Fh1,0.03266728,0.039226487,0.021966673
Msra,-0.036682118,0.020922963,-0.010041839
Kcna3,0.007570171,0.05361611,-0.046283014
Gm32647,0.034473617,0.053413384,0.0026003888
Sat1,-0.010611825,0.02782307,-0.057501946
Edc4,0.008366382,0.013920267,-0.06176506
Chn2,-0.0077876677,0.011827294,-0.026449421
Rap1b,-0.0030363046,0.013197429,-0.021532157
Maged2,0.005067465,0.01488551,-0.035372652
Skil,0.0007300077,0.017606093,-0.019906115
Pgm2,0.006450267,0.020621153,-0.010774397
Gabrb2,-0.06836299,0.042576533,0.014375994
Pfkl,0.015309027,0.028225,0.005026699
Adh5,0.004573319,0.015368322,-0.039732795
Clptm1l,0.036928177,0.053058892,0.023797246
Rnf128,0.0057961727,0.021724422,-0.0135036595
Cndp2,0.0065004327,0.019451013,-0.07074253
Smu1,-0.012113927,0.012794235,-0.018974187
Epb4.1l2,0.04368651,0.043667052,0.041044828
Tmem18,0.012136451,0.016946835,-0.02392866
Slc25a18,-0.0064863404,0.03889385,-0.070809886
Gpr83,-0.012135646,0.016263839,4.8023336e-05
Zhx1,0.016061548,0.03345227,-0.057871755
St3gal6,0.00064551487,0.0180017,-0.009372713
Kcnh1,-0.007791202,0.03358853,-0.08876121
Uba3,0.031487655,0.028832965,-0.020509534
Rragc,-0.003701201,0.011991045,-0.03738449
Samd10,-0.0051922277,0.013741564,-0.0025157463
Ostm1,-0.015417259,0.027725965,-0.0015716726
Epha3,-0.012870352,0.018012324,-0.025108842
Prdx3,-0.006998489,0.011011952,-0.041646607
Bcl2l11,0.0013042355,0.021094076,-0.01371499
Fgf9,0.014441895,0.0214156,-0.011470691
Tmem176b,0.00046820738,0.012823604,-0.015289435
Klhl13,-0.002063899,0.02444187,-0.013509886
Mcoln1,0.0036470243,0.01861012,-0.020475049
Ctsf,0.015509159,0.023562068,-0.05022728
Slc6a15,-0.0036113558,0.013296312,-0.05121867
Strap,-0.004654758,0.011359843,-0.05233858
Fam3c,0.038330335,0.05412043,0.040151358
Rnf4,0.023061667,0.024764327,-0.002771875
Dhx32,0.0059794364,0.01570194,-0.03988157
Glod4,-0.010763308,0.013493043,-0.012585876
Lrfn2,-0.0017657435,0.015884642,-0.017707657
Pomgnt1,0.0080136955,0.025925692,0.015383205
Zfp68,-0.001489482,0.016018813,-0.0011540847
Entpd6,0.015979411,0.021377161,-0.0407208
LOC102633497,0.04934565,0.088535465,-0.053070713
Nicn1,0.009204089,0.014691192,-0.02289399
Fam57a,0.0065768366,0.01949011,-0.04683019
Zbtb20,0.003571252,0.016057594,-0.034825746
Diras2,-0.0052512395,0.012295811,-0.07572351
Wdr1,-0.017581075,0.012928499,0.0013276888
N28178,-0.01593844,0.020671826,-0.013445426
Degs1,0.014171546,0.02279849,-0.07647293
Hspa13,0.011298542,0.01902794,-0.033286754
Bub3,0.015004419,0.018747104,0.0021665234
Tmem47,-0.0051442008,0.010658102,-0.03161346
Magee1,0.017270463,0.016335664,-0.05039902
Ly86,-0.025252191,0.023286482,-0.11120624
Gabra3,0.010482107,0.028093908,-0.00800011
Timp2,-0.0024963543,0.0131189935,-0.023282936
Uckl1,0.033683907,0.046123557,0.045495078
Sncaip,0.019145412,0.024684811,-0.010200957
Ap5m1,0.005720348,0.015070401,-0.008106841
Vstm5,-0.005018434,0.016247243,-0.00635399
Gclc,0.013912857,0.01933463,-0.017075824
Eml1,0.002808243,0.024472592,-0.05790637
Nprl2,0.037572023,0.046344627,0.0331885
Birc2,0.008131723,0.01187957,-0.034102734
Pdzd2,-0.03622607,0.021513738,-0.0005915263
Bap1,0.00896188,0.02206028,-0.069122516
AW549877,0.018725177,0.032616798,0.010541481
5730522E02Rik,-0.02584496,0.03735886,-0.008340393
Pid1,-0.020512667,0.012465176,-0.05247375
Polr2m,-0.01294857,0.01719823,-0.06988863
Api5,0.011750252,0.016297063,-0.021747435
Paics,0.0111592505,0.02560841,-0.07942608
Coq9,0.038269702,0.049267218,0.023303937
Prr16,0.007176355,0.022929505,-0.014894467
9530068E07Rik,-0.009332412,0.021585705,-0.05016764
Tcea2,0.023822105,0.035410598,-0.042063724
Vps11,0.017493611,0.02839936,-0.015841914
Inpp5j,0.021942487,0.09995369,-0.049788367
Unc50,-0.0127027575,0.01582781,-0.0061523453
Mocs2,0.022865608,0.018537866,-0.015261934
Sec23b,0.009539518,0.013628593,-0.024227222
Dnajb11,0.005381297,0.015589817,-0.05244808
Gpx1,0.013370045,0.025741206,-0.0030870407
Galnt9,0.0076290607,0.020350425,-0.009813547
Nfkbiz,0.009475542,0.026868725,-0.014182682
Zfp869,-0.0013046503,0.02009201,-0.007937873
Rbm7,0.001110109,0.018002424,-0.021546325
Anxa5,-0.0011214291,0.013176827,-0.04035178
Arhgef4,-0.0031751336,0.020781014,-0.0022305006
Slc25a17,0.009414339,0.015675152,-0.013123991
Rab15,0.014087193,0.021615686,-0.021229783
Strip1,0.0055198595,0.012222155,-0.028333873
Tfrc,0.013445627,0.020472676,-0.019752868
Anxa7,0.010605537,0.017039692,-0.023797221
Zfp365,-0.007361422,0.009682377,-0.023822978
Pnpt1,0.019648198,0.04843237,0.028251827
Ifitm10,-0.0013454234,0.02136784,-0.017384334
Htr3a,0.0031393229,0.05711566,0.008050257
Lrrn3,0.033113483,0.05268762,0.06302452
Dock4,0.02718546,0.06848918,0.07168748
Rraga,0.007153655,0.032951415,-0.04346726
Ints10,0.050056238,0.04890884,-0.0064257383
Dnaja4,0.0014467548,0.018777994,-0.0055879042
Gfpt2,0.0135990875,0.019767672,-0.03795567
Zfp941,0.025989534,0.026694141,-0.046767753
Rpain,-0.008921558,0.014492924,-0.0006704545
Coro1a,0.006936431,0.025723077,-0.033042442
Flna,0.009748845,0.023494823,-0.025691498
Kcnab1,-0.009629793,0.013106284,-0.002682648
Sumo3,-0.017787458,0.015264469,-0.05171478
Jam2,-0.012545509,0.014146116,-0.013145549
Zfp62,0.0155100515,0.017424248,-0.023533367
Hrsp12,0.0010425578,0.014696373,-0.03511169
Arhgap6,0.013083237,0.033910505,-0.0031428703
Cenpa,0.002735152,0.015666837,-0.0054239323
Cep112,-0.0014522495,0.014241941,-0.02131314
Snx17,0.012243292,0.024097215,-0.03143429
Rgs17,-0.03516629,0.033988986,-0.02357768
Bfar,0.005158145,0.016013911,-0.0053492743
Cog6,0.017206231,0.019418204,-0.027805205
Ap1m1,0.014444811,0.012475653,-0.03510781
Zpr1,0.010118134,0.01473347,-0.053623512
Camk4,-0.016397277,0.027047,-0.011155391
3110002H16Rik,0.0012324859,0.013492997,-0.0144749805
Ccdc85a,0.03348053,0.050661188,0.035305094
Pip4k2a,0.0048109666,0.015955154,-0.016159086
Insig2,0.009453602,0.012592663,-0.018306697
Cyb5r3,0.007259472,0.01508436,-0.035190895
Abce1,0.000527773,0.013185424,-0.06104505
Vcl,-0.017809164,0.057734307,-0.01868457
Orc5,0.02131912,0.023416651,-0.024966259
Psmd5,0.019301306,0.034064543,0.018078575
Omg,0.0056375037,0.014026504,-0.041469496
Atp13a1,0.022629736,0.029231833,-0.0709017
Lrrtm2,0.014438883,0.019221114,-0.011414262
Ccdc184,0.0030509257,0.025982784,-0.035974596
Asb13,0.014879658,0.022542719,-0.023955924
Hrh2,0.0037182993,0.03523537,0.007956717
Fez2,-0.03798119,0.01899077,-0.0043327585
Rmnd5b,0.019540986,0.020565853,-0.025030328
1190002N15Rik,-0.009399364,0.018437413,0.0061671664
Drg2,0.0033435319,0.013696308,-0.017253427
Tpgs2,0.022118876,0.022217454,-0.029067673
Gap43,-0.000692331,0.03257951,-0.030807678
Polr2b,0.014683863,0.02739032,-0.010524787
Pcyox1,0.002113514,0.015530106,-0.012759077
Npas2,0.03877911,0.05523527,0.021200025
Lrrtm1,0.0015624628,0.01565199,-0.005331299
Epha4,0.009974467,0.026710156,-0.013832153
Pde9a,0.001780143,0.022551637,0.007232346
Eif3l,0.0020647096,0.011694717,-0.022152994
Acadvl,-0.01044451,0.027230596,-0.005231381
Slc39a10,0.01388192,0.019634027,-0.047849745
Yipf6,-0.0011990742,0.016354209,-0.033675097
Anxa6,0.002658323,0.01949134,-0.018391619
Cers2,0.0003800942,0.01687043,-0.05303836
Elp3,0.011842606,0.023935778,-0.0019341208
Tmem43,0.0034449636,0.01341989,-0.019499628
Fam102b,-0.013403188,0.024488537,-0.0034042392
Rnf180,0.047495108,0.05052114,0.04084559
Vstm2b,0.039902385,0.059771016,0.042710688
Kcna1,0.009638234,0.02706108,-0.04538739
Slc25a1,-0.0027337598,0.022959465,-0.050100166
Pcdh17,-0.018460127,0.016560629,-0.01569956
Dcaf11,0.048336167,0.055477962,-0.018462151
Zgpat,0.04523849,0.08023409,-0.1579869
Zdhhc6,-0.001865319,0.013196783,-0.009965429
Dnajc10,0.04064955,0.052832764,0.03579575
Grpel1,0.0003753088,0.015560981,-0.02538986
Ddx39,0.0088257305,0.014559936,-0.02373114
Lgi3,-0.0013375477,0.018716626,-0.0013092613
Tmem25,0.06940962,0.06566672,0.019056452
2610100L16Rik,0.058051873,0.07460049,-0.05166463
Resp18,0.003925434,0.021045173,-0.032895252
Ehd3,0.006785641,0.017215952,-0.029258754
Mrps17,0.013712517,0.023499608,-0.026664132
Ociad2,0.019650687,0.04024063,-0.013950808
Kctd6,0.018071176,0.040051952,-0.0006625183
Nr3c2,-0.038519904,0.023308681,-0.015288086
Slc35a5,-0.00726367,0.013752771,-0.049993277
Impa1,0.0070168055,0.017361948,-0.016088186
Pcsk5,0.0048426865,0.048599303,0.042754706
Med24,0.032397784,0.026548106,-0.03543616
Ppp2r5d,0.03131928,0.038853567,0.0058827237
Gdap2,-0.0012566681,0.014718558,-0.0076300567
Crat,0.013837989,0.020026948,-0.042325977
Rasgrf1,-0.022254562,0.01567078,-0.029302662
Gpn1,-0.00034040047,0.016040936,-0.0016099638
Hmgcr,0.0013847947,0.014931702,-0.0057568285
Fzr1,-0.003923754,0.01577953,-0.020829914
Cnp,-0.0003484743,0.02814102,-0.062393844
Trappc11,0.0170755,0.026310923,-0.039222926
Cmtm6,0.010440505,0.022232942,-0.044036727
Zfp512,0.0055970657,0.018750828,-0.024864407
Nap1l3,0.019038284,0.024127409,-0.0139857
Gm35736,0.07948148,0.126429,0.023264322
Npc2,-0.0042206505,0.020404289,-0.050380167
Slc48a1,0.0017687918,0.01525662,-0.04619132
Phka2,0.008753278,0.019387098,-0.029226368
Smim7,-0.00012780547,0.01687593,-0.017413702
Ccne1,-0.016159637,0.019658158,-0.0077452804
Wdr77,0.0013068926,0.021613745,-0.021666871
Emc3,0.006993309,0.020238416,-0.016347738
Wars,0.0059054927,0.015394307,-0.01146003
Gpr37l1,-0.0056060054,0.01888088,-0.08474209
Ephx4,0.04341908,0.05531766,-0.014440519
Gcsh,0.007081015,0.015106638,-0.017198851
Crbn,0.05311308,0.05655735,0.026633564
Lpp,0.004086243,0.029184453,-0.018939538
Zfand6,-0.001784005,0.010853173,-0.03526596
Polr3h,0.012159795,0.021822896,-0.053891227
Gng10,0.0068324544,0.044513956,-0.005975038
Plch2,0.028778655,0.061518725,-0.010714132
Junb,0.010160164,0.022877904,-0.0023990737
Kctd20,-0.0019327775,0.013797561,-0.023096927
Idh2,0.031428475,0.038845096,0.012417538
Hapln4,0.015475549,0.018143572,-0.028121585
Gng12,0.0004141054,0.013885914,-0.017212132
Serpini1,0.0007865559,0.0127420155,-0.007725459
Mir22hg,-0.013016099,0.012644413,-0.0036156555
Tmem35,0.017623361,0.01738409,-0.0184021
Tatdn3,0.034766305,0.040639274,0.018494457
Cops4,-0.018402865,0.017737672,-0.006516982
Zfp612,0.0049466384,0.015366757,-0.04819679
Hiat1,0.0051952247,0.01605276,-0.013275507
Tm2d2,0.047119237,0.047178287,0.024755755
Thumpd1,0.008923457,0.020156324,-0.043273214
Opcml,-0.031178698,0.016116222,-0.009049381
A330102I10Rik,0.015368728,0.019524116,-0.013466795
Mfap3l,0.0062317005,0.01572058,-0.025252234
Ddx47,0.01066581,0.016588671,-0.043616597
Pdcd6,0.0006500137,0.012784288,-0.027139053
Ddx3y,0.0037088925,0.015642216,-0.021320472
Ppap2b,-0.010466262,0.01948399,-0.06256336
E530001K10Rik,-0.06244639,0.0450336,-0.06150059
Ddx25,-0.0031270625,0.012408304,-0.009726091
Slc8a1,0.0004688061,0.018104078,-0.0041503627
Col4a2,-0.021094196,0.02288238,-0.038997643
Nudt4,0.0038393268,0.020247217,-0.032870155
Map2k3,0.01353826,0.025495283,-0.027548764
Tle1,0.018152837,0.03002547,-0.024468761
Flcn,0.007228804,0.01653507,-0.013918738
Zfp157,0.009804173,0.018180309,-0.024598973
Actr8,0.010263345,0.013351342,-0.023884116
Tcerg1l,0.026776636,0.044614237,0.021642374
Dctn5,-0.00030168917,0.014437563,-0.02587253
Tmem70,0.008317362,0.020425875,0.0040969374
Sgk1,-0.0038789462,0.017248567,-0.012062134
Mtfp1,0.0052334694,0.01850952,-0.033727393
Rtfdc1,0.0027776966,0.025209434,-0.016555505
Cdh2,-0.010676438,0.02290765,-0.057934865
Pdk3,0.0049092937,0.01691886,-0.03476145
St8sia3,-0.009340435,0.012387234,-0.013961755
Dpp7,0.008669001,0.01991619,-0.0008352914
Zfp260,0.0071725524,0.014502521,-0.025352282
Pttg1ip,0.0042817187,0.017606786,-0.030264447
Lrrn2,-0.0017117801,0.015271939,-0.05197914
Zfp871,0.014800521,0.02821598,-0.0033417658
Alg2,0.00028554868,0.021747699,-0.060090106
Zfp191,-0.019984039,0.026735356,0.00659921
Fam184b,-0.010777633,0.027999464,-0.024601532
Slit3,0.00938025,0.02310416,-0.001952563
4833439L19Rik,0.026596399,0.039680954,-0.053548478
Blcap,-0.004382608,0.020196714,-0.031972826
Trappc1,0.0105479285,0.018978333,-0.025108827
Lrp12,0.006805997,0.01881151,-0.01851782
Derl1,0.0033309665,0.013518194,-0.039406534
Whrn,-0.0036633154,0.021580145,-0.019407531
Ptprd,-0.043434385,0.02555359,0.0048297592
Mtpap,0.005290792,0.031157538,-0.0058227233
Cacna2d2,0.26889646,0.37932405,0.34117705
Ptn,0.00471445,0.03815736,-0.069222696
Pola1,0.0064050816,0.014952048,-0.021358835
Lrrk2,-0.032236934,0.021269958,-0.011909169
Rab18,-0.0012433213,0.012501158,-0.023482068
Cyp51,-0.019231457,0.014989949,-0.0063363304
Rbms1,0.08313028,0.08345875,0.0760146
Pik3r2,-0.012017174,0.01781762,-0.0010021436
Chmp1a,-0.008404688,0.014263635,-0.010228626
Chchd4,0.01504762,0.02351707,-0.0048361477
Sdhd,-0.0052947807,0.011907658,-0.019897763
Flt3,0.035291526,0.077845946,0.026300807
Manba,0.068308845,0.05860889,-0.02849381
Ttc39b,0.01770506,0.09566465,-0.049860753
Nhs,-0.04624527,0.04884482,-0.027630651
Rundc1,-0.014512058,0.028178025,-0.033301134
Narf,0.000977891,0.014428383,-0.029487563
2610316D01Rik,0.03477849,0.036351025,0.018173164
Tsc2,-0.010788098,0.016141081,-0.011800783
Paqr8,0.0121978745,0.020237768,-0.012436815
Rarb,0.010441093,0.025025474,-0.004995456
Mettl17,0.014498753,0.035217263,-0.04582342
Gadd45b,0.024943383,0.042738214,0.0096259015
Ptprk,-0.0038469634,0.013382787,-0.009885405
Arl4a,0.019275036,0.03132928,-0.053738557
Mfsd1,0.029269459,0.03616443,0.0017329559
Gpaa1,0.023975646,0.03362672,-0.10138352
Osbpl2,0.0056877052,0.02207934,-0.016912919
Ppip5k2,0.015386667,0.027404156,-0.03145782
Acss2,0.0019122562,0.017898982,-0.008216035
Fam73b,0.12539825,0.1277214,-0.005066056
Rnf6,-0.028817294,0.02752752,-0.007512855
Ciart,0.03265004,0.051374733,0.030906063
Tmem106b,-0.0017603232,0.009501029,-0.024174763
Commd8,0.007835898,0.01770104,-0.017829122
Snap23,0.01794722,0.022423321,-0.04013806
Zfp354c,0.013788875,0.023208674,-0.011990407
Nudt9,0.0051108766,0.020966355,-0.040376063
Ccar2,-0.0044350326,0.01436365,-0.0036641718
Zscan18,-0.024897847,0.017639203,-0.0052210027
Terf2ip,0.015791353,0.019180499,-0.03244873
P4ha1,0.0031514529,0.014528058,-0.0022985993
Kcnq3,-0.016176794,0.02005154,-0.012950981
Pmpca,-0.0006740485,0.026956612,-0.029426707
LOC101055907,-0.0116975745,0.018238831,-0.019408192
Eif2s1,-0.003634845,0.010293286,-0.034741696
Zfp672,-6.90107e-05,0.011629973,-0.023808273
Nt5c3,0.009751988,0.01844105,0.00044892254
4930452B06Rik,0.014156053,0.022490107,-0.028225783
Sgpp1,0.0050036875,0.01151155,-0.016965697
Rtn4rl1,0.045165718,0.046632864,0.010533437
Htr1f,0.0046734335,0.017793968,-0.022582965
Rpusd1,0.008030729,0.021762103,-0.003538946
Dusp26,0.014816082,0.030507224,0.0007158222
Syn3,-0.0005319187,0.0154507635,-0.006744816
Zfp40,-0.012154322,0.014110115,-0.0034322802
Wbscr17,0.0075400327,0.04011712,-0.011558958
Med10,0.0101328865,0.020995183,-0.020275304
Ctps,0.010766642,0.018234862,-0.031032145
Slc35f6,0.021149566,0.029132599,-0.032785244
Nmd3,0.040673826,0.048406944,0.03196498
Bbs4,0.0114203645,0.024768246,0.007882067
Abca8b,0.009752595,0.018680653,-0.018374251
Pag1,0.051162392,0.07201937,-0.042922463
Tox2,0.03818527,0.089244805,-0.078995645
Rnase4,0.0019666723,0.01718209,-0.027958639
Elmo2,0.0007629596,0.015809543,-0.06782827
Pex11b,0.005799535,0.018231183,-0.021903865
Rbck1,0.024778899,0.033777233,-0.045274045
Rabggtb,0.0137081025,0.028570736,-0.032406002
Mitf,0.055486307,0.08915536,0.041618936
Dock11,0.007171844,0.017804343,-0.014991939
Fam32a,0.0062780785,0.017928377,-0.0116225695
Gyk,0.011077233,0.021614384,-0.007840202
Tubgcp2,0.019447096,0.017269347,-0.026132695
Lamp2,-0.0061515043,0.01639539,-0.03923583
Scamp4,0.023386285,0.033811122,0.008049968
LOC105246327,0.012724293,0.027642574,-0.03046957
Lancl2,0.005684236,0.013866609,-0.032016106
A730017C20Rik,-0.019192234,0.027298305,-0.030311909
Cstf2t,0.0058783703,0.021772139,-0.022036351
Ap3m2,0.003461796,0.020303942,-0.038125116
Pitrm1,0.03224377,0.026566777,-0.011790456
Garem,-0.0066759377,0.028854117,0.00041986728
Ctsa,0.006282743,0.016523672,-0.05342369
Spns1,-0.031321473,0.025420483,-0.07830093
Rabif,0.009032518,0.015072646,-0.026932977
Sgpl1,0.048948213,0.051031608,-0.08436705
Mtmr4,0.012312665,0.015214914,-0.013548769
Vldlr,0.04246755,0.060421675,0.05200529
Bag5,0.03165985,0.02893131,-0.006241528
Ankrd16,0.015395224,0.032329567,0.005872193
Tenm1,-0.007621436,0.027344532,0.007392071
Tmem260,0.009137484,0.015124805,-0.013063969
Prmt8,-0.0032848848,0.021114472,-0.018475821
Fsd1,0.021868931,0.051172238,-0.10006978
Tmem175,-0.00074359466,0.025525114,-0.056418408
A830080D01Rik,-0.006001833,0.013461272,-0.0031128663
Slu7,0.025178805,0.033682495,-0.01821116
Slc25a14,0.009388685,0.01980717,-0.0629596
Rfk,0.018347658,0.031436816,-0.0028424799
Trappc13,0.025504436,0.023272095,-0.05777975
Sec22b,0.021945776,0.032198176,-0.044496987
Hgsnat,-0.009200861,0.018779757,-0.018032193
Armc1,0.007897412,0.019000296,-0.0044915094
Ilk,0.001729473,0.01575908,-0.009908052
Hars2,-0.0032681935,0.011865576,-0.02272231
Cdc23,0.011766485,0.02419565,-0.04151681
Eif3b,0.012664913,0.020884706,-0.021107038
Mknk1,0.011230549,0.021540375,-0.023784047
Pdhx,0.009635929,0.016443478,-0.026858786
Tnip2,0.00926627,0.02188745,-0.005727091
Stx3,-0.00785259,0.064062454,-0.08228341
Sqle,-0.0024771006,0.011882003,-0.018648924
Ak3,0.015366361,0.035343673,-0.029859012
Smpd1,0.014777577,0.039485745,-0.10681567
Ndor1,0.012408015,0.023325367,-0.032662734
Coro1b,0.010790022,0.040165354,-0.13808943
Tmeff1,0.011502141,0.030390074,0.0035177558
Sepn1,0.014821004,0.020323593,-0.020981906
Nr1d2,-0.024961416,0.018663362,-0.0065323245
Mrpl28,0.0075354306,0.029082231,-0.08687675
2610301B20Rik,0.0143306125,0.022376284,-0.03240004
Vipas39,0.031879906,0.035755143,0.013629821
Spsb3,0.016224064,0.028922195,-0.005619373
Ikbkb,0.011092735,0.014868947,-0.009199428
Grb10,-0.0062073916,0.029612333,-0.025288643
Armcx1,0.015396662,0.02450858,-0.02587486
Psme3,0.0051307646,0.02483472,-0.03127379
Zfp410,0.0505989,0.058111478,0.013612473
Fam213b,0.0013905056,0.018966665,-0.028738651
Mmadhc,0.0015143995,0.011035719,-0.017661303
Pcnxl4,0.01950842,0.02928176,-0.00026976608
Cdk4,-0.009467862,0.023579868,-0.011471857
Vamp1,0.06023765,0.075531706,0.03655087
Mfsd6,0.00027401396,0.019893976,-0.00452627
Morc3,0.008338622,0.013820305,-0.018224088
Sec13,0.008946522,0.01843264,-0.021313453
Arhgef3,0.046338502,0.055266555,0.022611666
Tars,0.01112239,0.016968735,-0.015421819
Zfp637,0.01236273,0.019100755,-0.02339968
Dnttip2,0.0009909834,0.012572845,-0.021005366
Ncapd3,0.016313752,0.020496449,-0.017505907
Cyb561,0.0039627333,0.021898907,-0.04463367
Mesdc2,0.024972238,0.03705292,-0.0048186104
Trmt2a,0.013697478,0.020797059,-0.032918263
Guf1,0.012413686,0.02750697,-0.053565316
Creb3,0.05733745,0.060500197,-0.0038451683
Lurap1l,0.0027181262,0.015200379,-0.024213044
Zfp346,0.022220848,0.046692166,-0.025813302
Ppp1r7,0.02572711,0.03369831,0.0024594853
Cdk2ap2,0.01609549,0.023966737,-0.021199416
Eif3d,0.008343341,0.019865032,-0.023215355
Smc2,0.0032569114,0.015381413,-0.00767889
Rmdn3,-0.005134057,0.014135192,-0.024838261
Mtpn,-0.007919048,0.025517667,-0.0669343
Eif2ak1,0.009299697,0.016834745,-0.01748643
Ssr3,0.010257604,0.016548112,-0.014146952
Jam3,0.0059164725,0.022033928,-0.022006223
Adra1b,-0.127218,0.06380651,-0.013042397
Cab39l,0.026313366,0.037803758,0.010228522
Hpcal4,0.01404272,0.038381077,-0.03771994
Tmtc1,0.0063337176,0.017877722,-0.002788792
Clcn7,0.029486513,0.05070807,-0.01214042
Arx,0.09902021,0.0932285,-0.0014458537
A530058N18Rik,0.0011906478,0.013554082,-0.016149253
Zfp938,0.033949744,0.029413082,-0.033564284
Khdrbs2,-0.020334935,0.018125674,-0.01872087
Abhd3,0.017138159,0.021289097,-0.012407225
rheobase_sweep_num,0.0038918725,0.018330187,-0.009446215
thumbnail_sweep_num,0.008515626,0.022063322,-0.0055496334
vrest,0.0066435034,0.021430576,-0.001451412
ri,-0.014366282,0.012239021,-0.0156131815
sag,0.00063485367,0.017667614,-0.0072530196
tau,0.0013796064,0.018085899,-0.008989906
vm_for_sag,0.008947842,0.023016261,0.001190692
f_i_curve_slope,0.00074199727,0.017691001,-0.007248818
adaptation,0.000679973,0.017692044,-0.0072219577
latency,0.00062331505,0.01766551,-0.007254884
avg_isi,0.010413355,0.034408446,0.0045774016
upstroke_downstroke_ratio_long_square,-0.00014202118,0.017661665,-0.0076767486
peak_v_long_square,-0.0038265318,0.019030092,-0.00949874
peak_t_long_square,0.00055547175,0.017704062,-0.007292655
trough_v_long_square,0.0024884893,0.020858426,-0.0019233602
trough_t_long_square,0.0005371358,0.017732652,-0.0072902516
fast_trough_v_long_square,0.0023922483,0.021005236,-0.002192934
fast_trough_t_long_square,0.0005546311,0.017704027,-0.0072929873
threshold_v_long_square,0.0052235126,0.020879468,-0.0048846207
threshold_i_long_square,-0.0048232083,0.01859726,-0.019093998
threshold_t_long_square,0.000555458,0.017704207,-0.0072924607
upstroke_downstroke_ratio_ramp,-0.00010407287,0.01754523,-0.007816462
peak_v_ramp,-0.00466206,0.01740067,-0.010819436
peak_t_ramp,0.0008801241,0.0178261,-0.008429399
trough_v_ramp,0.002215217,0.020839838,-0.0023752896
trough_t_ramp,0.0014039697,0.018230345,-0.008489949
fast_trough_v_ramp,0.002247819,0.021181194,-0.001908492
fast_trough_t_ramp,0.00091399654,0.017820958,-0.008712211
threshold_v_ramp,0.004268905,0.020187736,-0.00538785
threshold_i_ramp,-0.0023783783,0.018636044,-0.026497807
threshold_t_ramp,0.0008801456,0.017826194,-0.008429208
upstroke_downstroke_ratio_short_square,-7.6384196e-05,0.017475434,-0.007734293
peak_v_short_square,-0.0008604364,0.020457497,-0.0105047515
peak_t_short_square,0.0006101833,0.017691787,-0.007266175
trough_v_short_square,0.0051505705,0.02229846,0.0006471447
trough_t_short_square,0.0008589468,0.017817387,-0.0071160644
fast_trough_v_short_square,0.003908957,0.022146408,-0.0005976771
fast_trough_t_short_square,0.00061116193,0.017694255,-0.007262634
threshold_v_short_square,0.0039385166,0.019455338,-0.0045370418
threshold_i_short_square,-0.017429212,0.013782237,-0.009229968
threshold_t_short_square,0.0006104543,0.01769187,-0.0072661666
